﻿"retCode","retVal__|","retVal__|__sno","retVal__|__sna","retVal__|__tot","retVal__|__sbi","retVal__|__sarea","retVal__|__mday","retVal__|__lat","retVal__|__lng","retVal__|__ar","retVal__|__sareaen","retVal__|__snaen","retVal__|__aren","retVal__|__bemp","retVal__|__act"
"1","0001","0001","捷運市政府站(3號出口)","180","152","信義區","20170103155420","25.0408578889","121.567904444","忠孝東路/松仁路(東南側)","Xinyi Dist.","MRT Taipei City Hall Stataion(Exit 3)-2","The S.W. side of Road Zhongxiao East Road & Road Chung Yan.","26","1"
"","0002","0002","捷運國父紀念館站(2號出口)","48","24","大安區","20170103155427","25.041254","121.55742","忠孝東路四段/光復南路口(西南側)","Daan Dist.","MRT S.Y.S Memorial Hall Stataion(Exit 2.)","Sec,4. Zhongxiao E.Rd/GuangFu S. Rd","24","1"
"","0003","0003","台北市政府","40","15","信義區","20170103155431","25.0377972222","121.565169444","台北市政府東門(松智路)","Xinyi Dist.","Taipei City Hall","Taipei City Government Eastgate (Song Zhi Road)","23","1"
"","0004","0004","市民廣場","60","53","信義區","20170103155435","25.0360361111","121.562325","市府路/松壽路(西北側)","Xinyi Dist.","Citizen Square","The N.W. side of Road Shifu & Road Song Shou.","7","1"
"","0005","0005","興雅國中","60","29","信義區","20170103155423","25.0365638889","121.5686639","松仁路/松仁路95巷(東南側)","Xinyi Dist.","Xingya Jr. High School","The S.E. side of Road Songren & Ln. 95, Songren Rd..","31","1"
"","0006","0006","世貿二館","80","50","信義區","20170103155419","25.0347361111","121.565658333","松智路/松廉路(東北側)","Xinyi Dist.","TWTC Exhibition Hall 2","The N.E. side of Road Song Zhi & Road Song Lian.","24","1"
"","0007","0007","信義廣場(台北101)","80","60","信義區","20170103155434","25.0330388889","121.565619444","松智路/信義路(東北側)","Xinyi Dist.","Xinyi Square(Taipei 101)","The N.E. side of Road Song Zhi & Road Xinyi.","20","1"
"","0008","0008","世貿三館","60","47","信義區","20170103155422","25.0352138889","121.563688889","市府路/松壽路(東南側)","Xinyi Dist.","TWTC Exhibition Hall 3","The S.E. side of Road Shifu & Road Song Shou.","13","1"
"","0009","0009","松德站","40","21","信義區","20170103155444","25.03159","121.574353","台北市信義區松德路300號","Xinyi Dist.","Songde","No.300, Songde Rd.(32)","19","1"
"","0010","0010","台北市災害應變中心","54","14","信義區","20170103155441","25.0286611111","121.566116667","台北市信義區莊敬路391巷11弄2號","Xinyi Dist.","Emergency Operations Center of Taipei City","No.2, Aly. 11, Ln. 391, Zhuangjing Rd.","34","1"
"","0011","0011","三張犁","66","35","信義區","20170103155422","25.034937","121.55762","光復南路/基隆路一段364巷","Xinyi Dist.","Sanchangli","The S.E. side of Road Guangfu South & Ln. 346, Sec. 1, Keelung Rd.","31","1"
"","0012","0012","臺北醫學大學","34","0","信義區","20161021092836","25.026679","121.561747","台北醫學大學(吳興街220巷59弄)","Xinyi Dist.","Taipei Medical University","Aly. 59, Ln. 220, Wuxing St.","0","0"
"","0013","0013","福德公園","66","40","信義區","20170103155418","25.03809","121.58367","大道路/福德街路口北西側","Xinyi Dist.","Fude Park","The N.W. side of Road Dadao & St. Fude.","26","1"
"","0014","0014","榮星花園","32","11","中山區","20170103155440","25.06424","121.54037","五常街/龍江路口(西南側)","Zhongshan Dist.","Rongxing Park","The S.W. side of St.Wuchang & Road Longjiang.","20","1"
"","0015","0015","饒河夜市","60","29","松山區","20170103155448","25.049413","121.572043","八德路四段568號南側對面人行道","Songshan Dist.","Raohe Night Market","No.568, Sec. 4, Bade Rd.(oppsite)","31","1"
"","0016","0016","松山家商","48","33","信義區","20170103155443","25.036084","121.579135","林口街/福德街(東南側)","Xinyi Dist.","Songshan Vocational High School","The S.E. side of St. Linkou & St. Fude.","15","1"
"","0017","0017","民生光復路口","34","25","松山區","20170103155432","25.05862","121.55514","光復北路/民生東路(西北側)","Songshan Dist.","Minsheng & Guangfu Intersection","The N.W. side of Road Guangfu S & Road Minsheng E.","9","1"
"","0018","0018","社教館","38","0","松山區","20161114103831","25.048268","121.552278","八德路三段25號前","Songshan Dist.","Taipei Cultural Center","No.25, Sec. 3, Bade Rd.","0","0"
"","0019","0019","中強公園","30","29","信義區","20170103155444","25.02863","121.56981","松仁路153巷17號對面","Xinyi Dist.","Zhongqiang Park","No.17, Ln. 153, Songren Rd","1","1"
"","0020","0020","捷運科技大樓站","70","36","大安區","20170103155441","25.025896","121.543293","科技大樓站對面(復興南路2段西側)","Daan Dist.","MRT Technology Bldg. Sta.","No.235, Sec. 2, Fusing S. Rd.","32","1"
"","0021","0021","民生敦化路口","66","45","松山區","20170103155428","25.057985","121.548982","敦化民生路口公車站旁","Songshan Dist.","Minsheng & Dunhua Intersection","The side of bus stop- Dunhua Minsheng Intersection.","21","1"
"","0022","0022","松山車站","44","8","信義區","20170103155427","25.048616","121.578095","松山車站西出口外自行車格內","Xinyi Dist.","Songshan Rail Sta.","Bicycle parking lot- West exit in Songshan station","36","1"
"","0023","0023","東新國小","32","8","南港區","20170103155417","25.055074","121.602798","東新國小側門(東明街62號前)","Nangang Dist.","Dongxin Elementary School","A side entrance of Dongxin Elementery School(front of No. 62, Dongxin St.)","24","1"
"","0024","0024","信義建國路口","46","31","大安區","20170103155416","25.03293","121.53747","信義路三段/建國南路二段(西南側)","Daan Dist.","Xinyi & Jianguo Intersection","The N.S. side of Lianyun St. & Sec. 2, Xinyi Rd.","15","1"
"","0025","0025","永吉松信路口","30","12","信義區","20170103155442","25.04543","121.57205","松信路/永吉路南西側人行道","Xinyi Dist.","Yongji & Songxin Intersection","The sidewalk- the S.W. side of Songxin Rd. & Yongji Rd.","18","1"
"","0026","0026","捷運昆陽站(1號出口)","42","32","南港區","20170103155420","25.050142","121.592375","捷運昆陽站1號出口外停車場旁","Nangang Dist.","MRT Kunyang Sta. (Exit 1)","The side of parking lots in the MRT Kunyang station (exit 1)","9","1"
"","0027","0027","捷運南港展覽館站(5號出口)","42","22","南港區","20170103155424","25.05469","121.61669","研究院路/市民大道(東北側)","Nangang Dist.","MRT Nangang Exhibition Center Sta. (Exit 5)","The N.E side of Academia Rd. & Shihmin Blvd.","18","1"
"","0028","0028","五常公園","32","12","信義區","20170103155436","25.04814","121.57467","松隆路/虎林街30巷口(西南側)","Xinyi Dist.","Wuchang Park","The S.W side of Songlong Rd. & Hulin St.","20","1"
"","0029","0029","金山愛國路口","54","40","大安區","20170103155437","25.03164","121.52655","愛國東路/金山南路(西南側)","Daan Dist.","Jinshan & Aiguo Intersection","The S.W side of Aiguo St. & Jinshan Rd.","14","1"
"","0030","0030","基隆長興路口","74","40","大安區","20170103155438","25.017054","121.544352","基隆路/長興街(東南側)","Daan Dist.","Keelung & Changxing Intersection","The S.W side of Keelung Rd. & Changsing St.","34","1"
"","0031","0031","辛亥新生路口","30","0","大安區","20170103155425","25.022413","121.53456","辛亥路/新生南路(高架橋下)","Daan Dist.","Xinhai & Xinsheng Intersection","Under the bridge- Sinhai Rd. & Shinsheng S. Rd.","30","1"
"","0032","0032","捷運六張犁站","38","18","大安區","20170103155437","25.023884","121.553161","捷運出口外和平東路側","Daan Dist.","MRT Liuzhangli Sta.","The outside of the MRT exit and the side of Heping E. Rd.","20","1"
"","0033","0033","中崙高中","46","38","松山區","20170103155438","25.04878","121.56087","八德路四段91巷(中崙高中)旁","Songshan Dist.","Zhonglun High School","The side of Ln. 91, Sec. 4, Bade Rd. ( beside Zhong-Lun High School)","8","1"
"","0034","0034","捷運行天宮站(1號出口)","32","11","中山區","20170103155437","25.058369","121.532934","捷運行天宮1號出口後方(松江路側)","Zhongshan Dist.","MRT Xingtian Temple Sta. (Exit 1)","The side of Songjiang Rd.(the exit 1 of the MRT station of Xingtian Temple)","21","1"
"","0035","0035","捷運行天宮站(3號出口)","30","0","中山區","20170103155459","25.059978","121.533302","捷運行天宮站3號出口站外","Zhongshan Dist.","MRT Xingtian Temple Sta. (Exit 3)","The outside of the MRT station of Xingtian Temple.","30","1"
"","0036","0036","臺大資訊大樓","72","54","大安區","20170103155322","25.02101","121.54153","辛亥路二段(臺大外語學院外)","Daan Dist.","NTU Information Bldg.","Sec. 2, Xinghai Rd. (the outside ofLanguage Center of National Taiwan University)","18","1"
"","0037","0037","捷運東門站(4號出口)","46","18","大安區","20170103155445","25.0337","121.528988","信義路/麗水街口","Daan Dist.","MRT Dongmen Sta. (Exit 4)","Ren’ai Rd. & Lishuei St.","28","1"
"","0038","0038","臺灣師範大學(圖書館)","34","25","大安區","20170103155445","25.02665","121.52889","和平東路/師大路口(北側)","Daan Dist.","NTNU Library","The N. side of Heping E. Rd. & Shihda Rd.","9","1"
"","0039","0039","南港世貿公園","26","10","南港區","20170103155431","25.058","121.61422","三重路/經貿二路88巷(東北側)","Nangang Dist.","Nangang Park","The N.E. side of Sanchong Rd. & Ln. 88, Jingmao 2nd Rd.","15","1"
"","0040","0040","玉成公園","34","17","南港區","20170103155445","25.04287","121.58640","玉成街247號前","Nangang Dist.","Yucheng Park","The front of No. 247, Yucheng St.","17","1"
"","0041","0041","中研公園","30","16","南港區","20170103155424","25.047425","121.613706","研究院路二段12巷/研究院路二段12巷58弄(西南側)","Nangang Dist.","Academia Park","The S.W side of Ln. 12, Sec. 2, Academia Rd. & Aly. 58, Ln. 12, Sec. 2, Academia Rd.","14","1"
"","0042","0042","捷運後山埤站(1號出口)","38","16","信義區","20170103155426","25.04431","121.58174","中坡北路/忠孝東路五段(西北側)","Xinyi Dist.","MRT Houshanpi Sta.(Exit 1)","The S.W side of Jhongsiao E. Rd. & Jhongpo N. Rd.","21","1"
"","0043","0043","凌雲市場","36","13","南港區","20170103155445","25.035639","121.614154","研究院路三段68巷/凌雲街(東北側)","Nangang Dist.","Linyun Market","The N.E. side of St. Lingyun & Academia Rd.","23","1"
"","0044","0044","捷運南港軟體園區站(2號出口)","36","20","南港區","20170103155424","25.05973","121.616187","捷運南港軟體園區站2號出口外","Nangang Dist.","MRT Nangang Software Park Sta.(Exit 2)","The outside of the MRT station exit 2 of Taipei Nangang Exhibition Center","15","1"
"","0045","0045","捷運公館站(2號出口)","30","30","大安區","20170103155424","25.01476","121.534538","羅斯福路四段/舟山路(東北側)","Daan Dist.","MRT Gongguan Sta.(Exit 2)","The N.W. side of Roosevelt Rd.& Sinhai Rd.","0","1"
"","0046","0046","南港國小","44","31","南港區","20170103155429","25.05646","121.611027","惠民街/興東街(南側停車場)","Nangang Dist.","Nangang Elementary School","The opposite of parking lots of exit Singdong St. (Nan-Gang Elementary School)","13","1"
"","0047","0047","捷運忠孝新生站(3號出口)","40","17","大安區","20170103155434","25.041924","121.533862","捷運忠孝新生站(3號出口)","Daan Dist.","MRT Zhongxiao Xinsheng Sta.(Exit 3)","The intersection of Sec. 3, Zhongxiao E. Rd. & Ln. 10, Sec. 3, Zhongxiao E. Rd.","23","1"
"","0048","0048","南港車站(忠孝東路)","38","12","南港區","20170103155444","25.05247","121.608202","忠孝東路七段與忠孝東路七段415巷交叉口","Nangang Dist.","Nangang Rail Sta.(Zhongxiao E.Rd.)","The intersection of Sec. 7, Zhongxiao E. Rd. & Ln. 415, Sec. 7, Zhongxiao E. Rd","26","1"
"","0049","0049","龍門廣場","52","33","大安區","20170103155418","25.040901","121.548252","忠孝東路/敦化南路(西南側廣場）","Daan Dist.","Longmen Square","Sec. 1, Dunhua S. Rd. & Ln. 236, Sec. 1, Dunhua S. Rd.","19","1"
"","0050","0050","民權運動公園","52","18","松山區","20170103155449","25.062002","121.560186","民權東路四段/新中街交叉口","Songshan Dist.","MinQuan Park","The intersection of Sec. 4, Mincyuan E. Rd. & Xinzhong St.","32","1"
"","0051","0051","建國農安街口","44","3","中山區","20170103155415","25.065031","121.536775","建國北路/農安街口(中油旁邊空地)","Zhongshan Dist.","Jianguo & Nongan Intersection","(Behind empty area of CPC coporation) Jianguo N. Rd. & Nong’an St.","41","1"
"","0052","0052","建國長春路口","30","8","中山區","20170103155418","25.054761","121.536925","建國北路/長春路口(北側)","Zhongshan Dist.","Jianguo & Changchun Intersection","The N. side of Jianguo N. Rd. & Changchun Rd.","22","1"
"","0053","0053","八德市場","26","24","中山區","20170103155427","25.044781","121.536609","建國南路一段/市民大道交叉口(北側)","Zhongshan Dist.","Bade Market","The intersection of Sec.1, Jianguo S. Rd. & Civic Blvd.","2","1"
"","0054","0054","臺北市立圖書館(總館)","30","18","大安區","20170103155444","25.028798","121.538073","建國南路二段/建國南路二段151巷(東北側)","Daan Dist.","Taipei Public Library","The N.E. side of Sec. 2, Jianguo S. Rd. & Ln. 151, Sec. 2, Jianguo S. Rd.","12","1"
"","0055","0055","臺北田徑場","46","17","松山區","20170103155417","25.049505","121.549408","敦化北路3號","Songshan Dist.","Taipei Stadium","No.3, Dunhua N. Rd.","29","1"
"","0056","0056","仁愛林森路口","42","27","中正區","20170103155430","25.038954","121.522334","林森南路/仁愛路一段路口(東北側)","Zhongzheng Dist.","Renai & Linsen Intersection","The N.E. side of Linsen S. Rd & Sec. 1, Ren’ai Rd.(42)","15","1"
"","0057","0057","新生和平路口","46","14","大安區","20170103155335","25.026217","121.53519","新生南路二段/和平東路二段(東北側)","Daan Dist.","Xinsheng & Heping Intersection","The N.E. side of Sec. 2, Xinsheng S. Rd. & Sec. 2, Heping E. Rd","32","1"
"","0058","0058","捷運善導寺站(1號出口)","48","24","中正區","20170103155419","25.045267","121.522200","天津街/忠孝東路一段(東北側)","Zhongzheng Dist.","MRT Shandao Temple Sta(Exit 1)","The N.E. side of Tianjin St. & Sec. 1, Zhongxiao E. Rd.","24","1"
"","0059","0059","林森公園","32","15","中山區","20170103155322","25.052227","121.525805","林森北路/南京東路一段","Zhongshan Dist.","Linsen Park","Linsen N. Rd. & Sec. 1, Nanjing E. Rd.","17","1"
"","0060","0060","中山行政中心","30","4","中山區","20170103155438","25.064317","121.533487","松江路/農安街口","Zhongshan Dist.","Zhongshan Dist. Admin. Office","Songjiang Rd. & Nong’an St.","25","1"
"","0061","0061","台灣科技大學","46","12","大安區","20170103155437","25.0131","121.539723","基隆路四段/基隆路四段73巷交叉口","Daan Dist.","N.T.U.S.T","The intersection of Sec. 4, Keelung Rd. & Ln. 73, Sec. 4, Keelung Rd","34","1"
"","0062","0062","南昌公園","34","6","中正區","20170103155431","25.026827","121.520258","和平西路一段/南昌路","Zhongzheng Dist.","Nanchang Park","Sec. 1, Heping W. Rd.& Nanchang Rd.","28","1"
"","0063","0063","仁愛醫院","36","20","大安區","20170103155425","25.037569","121.545632","大安路一段/仁愛路四段","Daan Dist.","Taipei City Hospital Renai Branch","Da’an Rd. & Sec. 4, Sinyi Rd.","15","1"
"","0064","0064","國家圖書館","50","35","中正區","20170103155435","25.037773","121.517029","中山南路/貴陽街口(西南側)","Zhongzheng Dist.","National Central Library","The S.W. side of Zhongshan S. Rd. & Guiyang St.","13","1"
"","0065","0065","青年公園3號出口","38","27","萬華區","20170103155435","25.022725","121.502708","青年路/青年路106巷(東側)","Wanhua Dist.","Youth Park(Exit 3)","The E. side of Qingnian Rd. & Ln. 106, Qingnian Rd.","11","1"
"","0066","0066","師範大學公館校區","42","24","文山區","20170103155423","25.007528","121.537188","師大公館校區校門口(汀州路側)","Wenshan Dist.","NTNU Gongguan Campus","The side of Tingzhou Rd. (National Taiwan Normal University- Gongguan Campus)","18","1"
"","0067","0067","捷運臺大醫院(4號出口)","48","29","中正區","20170103155440","25.042973","121.516428","公園路/襄陽路(西南側)","Zhongzheng Dist.","MRT Nat’l Taiwan U. Hospital Sta.(Exit 4)","The S.W. side of Gongyuan Rd. & Siangyang Rd.","19","1"
"","0068","0068","國興青年路口","36","20","萬華區","20170103155440","25.025865","121.506536","國興路/青年路(西南側)","Wanhua Dist.","Guoxing & Qingnian Intersection","The S.W. side of Guoxing Rd. & Qingnian Rd.","15","1"
"","0069","0069","興豐公園","34","8","文山區","20170103155417","24.999837","121.547778","興隆路二段123巷/興隆路二段(西北側)","Wenshan Dist.","Xingfong Park","The N.W. side of Ln. 123, Sec. 2, Xinglong Rd. & Sec. 2, Xinglong Rd.","26","1"
"","0070","0070","捷運台北101/世貿站","52","28","信義區","20170103155421","25.032752","121.561645","莊敬路/信義路五段(東南側)","Xinyi Dist.","MRT Taipei 101/World Trade Center Sta.","The S.E. side of Zhuangjing Rd. & Sec. 5, Xinyi Rd.","24","1"
"","0071","0071","捷運信義安和站","30","21","大安區","20170103155445","25.032985","121.554204","通化街/信義路四段(西南側)","Daan Dist.","MRT Xinyi Anhe Sta.","The S.W. side of Tonghua St. & Sec. 4, Xinyi Road., Daan Dist.","9","1"
"","0072","0072","新生長安路口","42","22","中山區","20170103155433","25.048611","121.529346","新生北路一段/長安東路二段交叉口(北側)","Zhongshan Dist.","Xinsheng & Changan Intersection","The intersection of Sec. 1, Xinsheng N. Rd. & Sec. 2, Chang’an E. Rd.","20","1"
"","0073","0073","酒泉延平路口","32","9","大同區","20170103155445","25.072228","121.510195","延平北路四段/酒泉街(西北側)","Datong Dist.","Jiuquan & Yanping Intersection","The N.W. side of Sec. 4, Yanping N. Rd. & Jiuquan St.","23","1"
"","0074","0074","信義連雲街口","40","10","中正區","20170103155437","25.033817","121.530547","信義路二段/連雲街(東北側)","Zhongzheng Dist.","Xinyi & Lianyun Intersection","The N.S. side of Lianyun St. & Sec. 2, Xinyi Rd.","30","1"
"","0075","0075","基隆光復路口","30","10","信義區","20170103155433","25.0300508","121.557635","基隆路二段/光復南路(東北側)","Xinyi Dist.","Keelung & Guangfu Intersection","The intersection of Sec. 2, Keelung Rd. & Guangfu S. Rd.","19","1"
"","0076","0076","新生長春路口","36","15","中山區","20170103155437","25.056387","121.527522","新生北路二段/新生北路二段68巷交叉口(新生橋下)","Zhongshan Dist.","Xinsheng & Changchun Intersection","Under the bridge- the intersection of Sec. 2, Xinsheng N. Rd. & Ln. 68, Sec. 2, Xinsheng N. Rd.","20","1"
"","0077","0077","民生活動中心","32","6","松山區","20170103155440","25.059147","121.56297","民生東路五段/三民路口(西北側)","Songshan Dist.","Minsheng Activity Center","The N.W. side of Sec. 5, Minsheng E. Rd. & Sanmin Rd.","16","1"
"","0078","0078","捷運圓山站(2號出口)","52","34","大同區","20170103155422","25.071824","121.519287","承德路三段/庫倫街(東南側)","Datong Dist.","MRT Yuanshan Sta. (Exit 2)","The S.E. side of Sec. 3, Chengde Rd. & Kulun St.","18","1"
"","0079","0079","捷運民權西路站(3號出口)","50","7","大同區","20170103155424","25.061285","121.520205","民權西路70巷37號對面","Datong Dist.","MRT Minquan W.Rd. Sta.(Exit 3)","The opposite of No.37, Ln. 70, Minquan W. Rd.","40","1"
"","0080","0080","華江高中","44","22","萬華區","20170103155419","25.02751","121.495869","東園街/東園街35巷(東北側)","Wanhua Dist.","Huajiang High School","The N.E. side of Dongyuan St. & Ln. 35, Dongyuan St.","22","1"
"","0081","0081","捷運台電大樓站(2號出口)","40","19","大安區","20170103155444","25.020547","121.528552","羅斯福路/辛亥路交叉口(古亭國小前)","Daan Dist.","MRT Taipower Building Sta. (Exit 2)","The intersection of Roosevelt Rd. & Xinhai Rd. (Gu Ting Elementary School)","21","1"
"","0082","0082","捷運西門站(3號出口)","60","16","中正區","20170103155437","25.041778","121.508693","中華路一段/寶慶路(東南側)","Zhongzheng Dist.","MRT Ximen Sta.(Exit 3)","The S.E. side of Sec. 1, Zhonghua Rd. & Baoqing Rd.","44","1"
"","0083","0083","捷運大安森林公園站","74","46","大安區","20170103155433","25.033156","121.535161","信義路三段31巷/信義路三段(南側)","Daan Dist.","MRT Daan Park Sta.","The S. side of Ln. 31, Sec. 3, Xinyi Rd. & Sec. 3, Xinyi Rd.","28","1"
"","0084","0084","復華花園新城","38","16","萬華區","20170103155432","25.029705","121.502899","西藏路115號/西藏路(東南側)","Wanhua Dist.","Fuhua Garden New Village(City)","The S.E. side of No.115, Xizang Rd. & Xizang Rd.","22","1"
"","0085","0085","信義敦化路口","46","25","大安區","20170103155415","25.033362","121.54911","信義路四段/敦化南路一段(東北側)","Daan Dist.","Xinyi & Dunhua Intersection","The N.E. side of Sec. 4, Xinyi Rd. & Sec. 1, Dunhua S. Rd.","21","1"
"","0086","0086","民權復興路口","46","19","松山區","20170103155441","25.062344","121.545138","復興北路/民權東路三段(東北側)","Songshan Dist.","Minquan & Fuxing Intersection","The N.E. side of Fuxing N. Rd. & Sec. 3, Minquan E. Rd.","27","1"
"","0087","0087","捷運大安站","58","37","大安區","20170103155426","25.033078","121.543057","復興南路/信義路三段(西南側)","Daan Dist.","MRT Daan Sta.","The S.W. side of Fuxing S. Rd. & Sec. 3 Xinyi Rd.","21","1"
"","0088","0088","捷運象山站","58","13","信義區","20170103155416","25.032835","121.571274","信義路五段/信義路五段91巷(西北側)","Xinyi Dist.","MRT Xiangshan Sta.","The N.W. side of Sec. 5, Xinyi Rd. & Ln. 91, Sec. 5, Xinyi Rd.","43","1"
"","0089","0089","和平重慶路口","44","22","中正區","20170103155421","25.027323","121.516385","重慶南路三段/和平西路一段(東北側)","Zhongzheng Dist.","Heping Chongqing Intersection","The N.E. side of Sec. 3, Chongqing S. Rd. & Sec. 1, Heping W. Rd.","22","1"
"","0090","0090","老松國小","44","4","萬華區","20170103155320","25.037783","121.501708","康定路/桂林路(東南側)","Wanhua Dist.","Laosong Elementary School","The S.E. side of Kangding Rd. & Guilin Rd.","40","1"
"","0091","0091","市立美術館","36","14","中山區","20170103155427","25.070629","121.523268","中山北路三段/酒泉街(西南側)","Zhongshan Dist.","Taipei Fine Arts Museum","The S.W. side of Sec. 3, Zhongshan N. Rd. & Jiuquan St.","22","1"
"","0092","0092","開封西寧路口","42","26","萬華區","20170103155445","25.046618","121.507169","開封街二段/西寧南路(東北側)","Wanhua Dist.","Kaifong & Xining Intersection","The N.E. side of Sec. 2, Kaifeng St. & Xining S. Rd.","16","1"
"","0093","0093","吳興公車總站","56","33","信義區","20170103155419","25.023877","121.569836","松仁路/吳興街交叉口","Xinyi Dist.","Wu Xing Bus Station.","The intersection of Songren Rd. & Wuxing St.","22","1"
"","0094","0094","捷運景美站","52","27","文山區","20170103155445","24.993254","121.541059","羅斯福路六段/景中街交叉口(東北側)","Wenshan Dist.","MRT Jingmei Sta.","The intersectionof Sec. 6, Roosevelt Rd. & Jingzhong St.","25","1"
"","0095","0095","東園國小","32","11","萬華區","20170103155430","25.023393","121.497679","東園街/萬大路344巷(東南側)","Wanhua Dist.","Dongyuan Elementary School","The S.E. side of Dongyuan St. & Ln. 344, Wanda Rd.","20","1"
"","0096","0096","三民公園","30","8","松山區","20170103155429","25.061567","121.566558","撫遠街/富錦街(東南側)","Songshan Dist.","Sanmin Park","The S.E. side of Fuyuan St. & Fujin St.","22","1"
"","0097","0097","捷運劍潭站(2號出口)","52","12","士林區","20170103155426","25.082825","121.524721","基河路18號對面","Shilin Dist.","MRT Jiantan Sta.(Exit 2)","The opposite of No.18, Jihe Rd.","40","1"
"","0098","0098","羅斯福景隆街口","42","20","文山區","20170103155439","24.999378","121.540197","羅斯福路六段/景隆街交叉口(東南側)","Wenshan Dist.","Roosevelt & Jinglong Intersection","The intersection of Sec. 6, Roosevelt Rd. & Jinglong St. (the S.E. side)","21","1"
"","0099","0099","捷運雙連站(2號出口)","42","18","大同區","20170103155418","25.057866","121.520711","民生西路/萬全街(東北側)","Datong Dist.","MRT Shuanglian Sta. (Exit 2)","The N.E. side of Minsheng W. Rd. & Wanquan St.","24","1"
"","0100","0100","金山市民路口","40","26","中正區","20170103155428","25.045753","121.530697","金山北路/市民大道三段(南側)","Zhongzheng Dist.","Jinshen & Civic Blvd. Intersection","The S. side of Jinshan N. Rd. & Sec. 3, Civic Blvd.","14","1"
"","0101","0101","華山文創園區","50","19","中正區","20170103155438","25.043668","121.528487","忠孝東路二段41號前","Zhongzheng Dist.","Huashan 1914‧Creative Park","Front of No.41, Sec. 2, Zhongxiao E. Rd.","31","1"
"","0102","0102","臺北市客家文化主題公園","32","19","中正區","20170103155427","25.02043","121.525322","師大路/汀州路交叉口","Zhongzheng Dist.","Taipei City Hakka Cultural Park","The intersection of Shida Rd. & Tingzhou Rd.","13","1"
"","0103","0103","萬大興寧街口","52","27","萬華區","20170103155448","25.031974","121.500474","萬大路/興寧街(西南側)","Wanhua Dist.","Wanda & Xingning Intersection","The S.W. side of Wanda Rd. & Xingning St.","24","1"
"","0104","0104","台北花木批發市場","38","15","文山區","20170103155341","25.004023","121.54074","萬盛街/興隆路一段(西北側)","Wenshan Dist.","Taipei Pot Plant Auction","The N.W. side of Wansheng St. Sec. 1, Xinglong Rd.","23","1"
"","0105","0105","峨嵋停車場","42","9","萬華區","20170103155425","25.044412","121.505409","昆明街/西寧南路50巷(東南側)","Wanhua Dist.","Emei Parking Lot","The S.E. side of Kunming St. & Ln. 50, Xining S. Rd.","33","1"
"","0106","0106","西園艋舺路口","44","34","萬華區","20170103155418","25.032932","121.497674","西園路二段/艋舺大道(西南側)","Wanhua Dist.","Xiyuan & Bangka Intersection","The S.W. side of Sec. 2, Xiyuan Rd. & Bangka Blvd.","9","1"
"","0107","0107","捷運小南門站(1號出口)","54","34","中正區","20170103155444","25.036402","121.509422","博愛路/愛國西路交叉口(西北側)","Zhongzheng Dist.","MRT Xiaonanmen Sta. (Exit 1)","The intersection of Bo’ai Rd. & Aiguo W. Rd.","20","1"
"","0108","0108","臺北孔廟","32","20","大同區","20170103155424","25.073306","121.515843","哈密街59巷/哈密街(東北側)","Datong Dist.","Taipei Confucius Temple","The N.E. side of Ln. 59, Hami St. & Hami St.","12","1"
"","0109","0109","林安泰古厝","36","14","中山區","20170103155437","25.071606","121.530805","吉林路/民族東路(北側)","Zhongshan Dist.","Lin An-tai Historical House","The N. side of Jilin Rd. & Minzu E. Rd.","22","1"
"","0110","0110","文湖國小","44","17","內湖區","20170103155421","25.086376","121.560888","文湖街21巷/文湖街(東北側)","Neihu Dist.","Wenhu Elementary School","The N.E. side of Ln. 21, Wenhu St. & Wenhu St.","27","1"
"","0111","0111","捷運忠孝復興站(2號出口)","54","30","大安區","20170103155418","25.040184","121.543497","復興南路一段/仁愛路三段123巷13弄(西北側)","Daan Dist.","MRT Zhongxiao Fuxing Sta.(Exit 2)","The N.W. side of Sec. 1, Fuxing S. Rd. & Aly. 13, Ln. 123, Sec. 3, Ren’ai Rd.","24","1"
"","0112","0112","捷運新北投站","48","2","北投區","20170103155337","25.137456","121.503124","大業路/中和街交叉口","Beitou Dist.","MRT Xinbeitou Sta.","Daye Rd. & Zhonghe St.  Intersection","45","1"
"","0113","0113","仁愛逸仙路口","38","21","信義區","20170103155430","25.037724","121.561178","仁愛路四段/逸仙路(西北側)","Xinyi Dist.","Renai & Yixian Intersection","Sec. 4, Ren’ai Rd. & Yixian Rd.","17","1"
"","0114","0114","蘭雅公園","30","19","士林區","20170103155440","25.109908","121.530386","忠誠路二段/忠誠路二段40巷(西南側)","Shilin Dist.","Lanya Park","Sec. 2, Zhongcheng Rd. & Ln. 40, Sec. 2, Zhongcheng Rd.","11","1"
"","0115","0115","臺北轉運站","68","21","中正區","20170103155415","25.048222","121.520526","中山北路一段/市民大道一段(西北側)","Zhongzheng Dist.","Taipei Bus Sta.","Sec. 1, Zhongshan N. Rd. & Sec. 1, Civic Blvd.","46","1"
"","0116","0116","福林公園","44","24","士林區","20170103155435","25.096122","121.530215","志成街/中正路(南側)","Shilin Dist.","Fulin Park","Zhicheng St. & Zhongzheng Rd.","20","1"
"","0117","0117","捷運北投站","58","39","北投區","20170103155424","25.132581","121.498618","光明路2巷/光明路交叉口","Beitou Dist.","MRT Beitou Sta.","Ln. 2, Guangming Rd. & Guangming Rd.  Intersection","19","1"
"","0118","0118","大業大同街口","36","1","北投區","20170103155433","25.136929","121.499152","大業路/大同街口","Beitou Dist.","Daye & Datong Intersection","Daye Rd. & Datong St.  Intersection","35","1"
"","0119","0119","捷運劍南路站(2號出口)","56","17","中山區","20170103155416","25.08418","121.555116","敬業二路/植福路(東北側)","Zhongshan Dist.","MRT Jiannan Rd. Sta.(Exit 2)","Jingye 2nd Rd. & Zhifu Rd.","39","1"
"","0120","0120","捷運龍山寺站(1號出口)","46","30","萬華區","20170103155426","25.035479","121.50026","和平西路三段/和平西路三段109巷(西北側)","Wanhua Dist.","MRT Longshan Temple Sta. (Exit. 1)","Sec. 3, Heping W. Rd. & Ln. 109, Sec. 3, Heping W. Rd.","16","1"
"","0121","0121","龍江南京路口","66","48","中山區","20170103155443","25.05298","121.540568","龍江路110號對面停車場","Zhongshan Dist.","Longjiang & Nanjing Intersection","No.100, Longjiang Rd.","18","1"
"","0122","0122","捷運港墘站(2號出口)","50","10","內湖區","20170103155434","25.079681","121.575458","內湖路一段/港墘路(東南側)","Neihu Dist.","MRT Gangqian Sta. (Exit 2)","Sec. 1, Neihu Rd./Gangqian Rd. (southeast)","40","1"
"","0123","0123","天母運動公園","44","29","士林區","20170103155432","25.116325","121.534136","忠誠路二段/忠誠路二段207巷(東南側)","Shilin Dist.","Tienmu Sports Park","Sec.2,Zhongcheng Rd./Ln.207,Sec.2,Zhongcheng Rd.","15","1"
"","0124","0124","振華公園","36","15","北投區","20170103155445","25.115863","121.518163","振華街36號對面","Beitou Dist.","Zenhua Park","No.36, Zhenhua St.","21","1"
"","0125","0125","華西公園","30","14","萬華區","20170103155421","25.038609","121.498495","華西街/桂林路(東北側)","Wanhua Dist.","Huaxi Park","Huaxi St. & Guilin Rd.","16","1"
"","0126","0126","敦化基隆路口","30","9","大安區","20170103155439","25.022073","121.548336","敦化南路二段/基隆路二段交叉口","Daan Dist.","Dunhua & Keelung Intersection","Sec. 2, Dunhua S. Rd. & Sec. 2, Keelung Rd.","21","1"
"","0127","0127","東湖國中","40","19","內湖區","20170103155440","25.073277","121.619521","康樂街/康樂街125巷(東南側)","Neihu Dist.","Donghu Junior High School","Kangle St./Ln. 125, Kangle St.","20","1"
"","0128","0128","成功國宅","36","12","大安區","20170103155327","25.026808","121.546726","四維路198巷/和平東路三段1巷","Daan Dist.","Chengong Public Housing","Ln. 198, Siwei Rd./Ln. 1, Sec. 3, Heping E. Rd","24","1"
"","0129","0129","捷運文德站(2號出口)","50","28","內湖區","20170103155419","25.078292","121.585264","文德路220巷/文德路(西南側)","Neihu Dist.","MRT Wende Sta. (Exit 2)","Ln. 220, Wende Rd./Wende Rd.","22","1"
"","0130","0130","羅斯福寧波東街口","26","5","中正區","20170103155445","25.031445","121.519411","羅斯福路一段/寧波東街(東南側)","Zhongzheng Dist.","Roosevelt & Ningbo E. St. Intersection","Sec. 1, Roosevelt Rd. & Ningbo E. St.","21","1"
"","0131","0131","洲子二號公園","34","19","內湖區","20170103155434","25.079322","121.568688","瑞光路500號對面","Neihu Dist.","Zhouzhi Park No.2","Opposite to the parking space No.500, Ruiguang Rd.","15","1"
"","0132","0132","羅斯福新生南路口","88","13","大安區","20170103155438","25.01603085","121.5331757","羅斯福路四段/新生南路三段交叉口","Daan Dist.","Roosevelt & Xinsheng S. Intersection","Sec. 4, Roosevelt Rd./Sec. 3, Xinsheng S. Rd.","73","1"
"","0133","0133","蘭興公園","40","12","士林區","20170103155423","25.111839","121.525888","中山北路六段/士東路(西北側)","Shilin Dist.","Lanxing Park","Sec.6, Zhongshan N. Rd / Shidong Rd","28","1"
"","0134","0134","捷運芝山站(2號出口)","64","17","士林區","20170103155429","25.10336","121.522629","福華路/福華路162巷(東南側)","Shilin Dist.","MRT Zhishan Sta.(Exit 2)","Fuhua Rd. / Ln. 162, Fuhua Rd.","47","1"
"","0135","0135","捷運石牌站(2號出口)","54","30","北投區","20170103155429","25.114513","121.515677","東華街一段/裕民二路(西側)","Beitou Dist.","MRT Shipai Sta. (Exit 2)","Sec. 1, Donghua St. / Yumin 2nd Rd.","22","1"
"","0136","0136","國立臺北護理健康大學","30","7","北投區","20170103155441","25.118049","121.517512","石牌路二段130巷/石牌路二段(東南側)","Beitou Dist.","NTUNHS","Ln. 130, Sec. 2, Shipai Rd. / Sec. 2, Shipai Rd.","23","1"
"","0137","0137","國防大學","46","25","北投區","20170103155441","25.137976","121.493066","中央北路二段/豐年路二段交叉口","Beitou Dist.","Nat’l Defense U.","Sec. 2, Zhongyang N. Rd. / Sec. 2, Fengnian Rd.","21","1"
"","0138","0138","捷運永春站(2號出口)","30","22","信義區","20170103155430","25.040558","121.575372","忠孝東路五段420號旁(東側巷道上)","Xinyi Dist.","MRT Yongchun Sta. (Exit 2)","No.420, Sec. 5, Zhongxiao E. Rd.","8","1"
"","0139","0139","永樂市場","30","0","大同區","20160928151111","25.054501","121.510549","民樂街/南京西路233巷(西北側)","Datong Dist.","Yongle Market","Minle St., Datong Dist./Ln. 233, Nanjing W. Rd.","0","0"
"","0140","0140","捷運大橋頭站(2號出口)","46","17","大同區","20170103155437","25.063404","121.512909","民權西路/重慶北路三段(東北側)","Datong Dist.","MRT Daqiaotou Sta. (Exit 2)","Minquan W. Rd./ Sec. 3, Chongqing N. Rd.","29","1"
"","0141","0141","文山行政中心","36","15","文山區","20170103155337","24.989902","121.569984","木柵路三段220號前","Wenshan Dist.","Wenshan Dist. Admin. Center","No.220, Sec. 3, Muzha Rd.","19","1"
"","0142","0142","捷運木柵站","52","41","文山區","20170103155433","24.997747","121.574214","木柵路四段82巷18號前(捷運橋樑下)","Wenshan Dist.","MRT Muzha Sta.","No.18, Ln. 82, Sec. 4, Muzha Rd.","10","1"
"","0143","0143","捷運動物園站(2號出口)","72","45","文山區","20170103155429","24.997659","121.578752","新光路二段28號前","Wenshan Dist.","MRT Taipei Zoo Sta.(Exit 2)","No.28, Sec. 2, Xinguang Rd.","27","1"
"","0144","0144","國立政治大學","70","19","文山區","20170103155429","24.988363","121.576536","萬壽路16巷6號前","Wenshan Dist.","Nat’l Chengchi U.","No.6, Ln. 16, Wanshou Rd.","51","1"
"","0145","0145","樹德公園","40","3","大同區","20170103155436","25.066688","121.516149","大龍街/大龍街85巷(東北側)","Datong Dist.","Shude Park","Dalong St. / Ln. 85, Dalong St.","37","1"
"","0146","0146","捷運士林站(2號出口)","46","21","士林區","20170103155434","25.092546","121.526556","中正路247巷/中山北路五段505巷(東南側)","Shilin Dist.","MRT Shilin Sta.(Exit 2)","Ln. 247, Zhongzheng Rd. / Ln. 505, Sec. 5, Zhongshan N. Rd.","25","1"
"","0147","0147","士林運動中心","32","19","士林區","20170103155317","25.089175","121.521814","承德路四段/大南路(東北側)","Shilin Dist.","Shilin Sports Center","Sec. 4, Chengde Rd./Danan Rd.","13","1"
"","0148","0148","捷運明德站","68","44","北投區","20170103155425","25.110331","121.518316","致遠一路一段46巷/西安街一段(東南側)","Beitou Dist.","MRT Mingde Sta.","Ln. 46, Sec. 1, Zhiyuan 1st Rd./Sec. 1, Xi’an St.","23","1"
"","0149","0149","北投運動中心","62","6","北投區","20170103155437","25.116665","121.509621","石牌路一段39巷100號前","Beitou Dist.","Beitou Sports Center","No.100, Ln. 39, Sec. 1, Shipai Rd.","55","1"
"","0150","0150","松德公園","38","30","信義區","20170103155438","25.036568","121.57343","松德路168巷20號前","Xinyi Dist.","Songde Park","No.20, Ln. 168, Songde Rd.","8","1"
"","0151","0151","考試院","34","19","文山區","20170103155427","24.987507","121.549827","試院路(雙號)/木柵路一段(東北側)","Wenshan Dist.","Examination Yuan","Shiyuan Rd. / Sec. 1, Muzha Rd.,","15","1"
"","0152","0152","百齡國小","40","4","士林區","20170103155417","25.08521","121.519175","前港街100巷/前港街(北方)","Shilin Dist.","Bailing Elementary School","Ln. 100, Qiangang St. / Qiangang St.","35","1"
"","0153","0153","蔣渭水紀念公園","40","5","大同區","20170103155431","25.059885","121.516299","錦西街51號對面","Datong Dist.","Jiang Wei-shui Memorial Park","No.51, Jinxi St., Datong Dist.","35","1"
"","0154","0154","中正基河路口","38","15","士林區","20170103155430","25.093396","121.519867","中正路420號前","Shilin Dist.","Zhongzheng & Jihe Intersection","No.420, Zhongzheng Rd.","23","1"
"","0155","0155","瑞光港墘路口","30","18","內湖區","20170103155316","25.076193","121.57505","瑞光路/港墘路(西南側)","Neihu Dist.","Ruiguang & Gangqian Intersection","Ruiguang Rd. / Gangqian Rd.","12","1"
"","0156","0156","東湖國小","38","16","內湖區","20170103155415","25.068409","121.615938","東湖路/東湖路119巷(西北側)","Neihu Dist.","Donghu Elementary School","Donghu Rd. / Ln. 119, Donghu Rd.","22","1"
"","0157","0157","麗山國小","42","16","內湖區","20170103155435","25.082703","121.571467","內湖路一段411巷/內湖路一段411巷19弄(東北側)","Neihu Dist.","Lishan Elementary School","Ln. 411, Sec. 1, Neihu Rd. / Aly. 19, Ln. 411, Sec. 1, Neihu Rd.","25","1"
"","0158","0158","捷運東湖站","48","30","內湖區","20170103155418","25.066635","121.613505","安康路315巷/五分街14巷(西側)","Neihu Dist.","MRT Donghu Sta.","Ln. 315, Ankang Rd./Ln. 14, Wufen St.","17","1"
"","0159","0159","捷運西湖站(1號出口)","36","20","內湖區","20170103155428","25.082866","121.566695","環山路一段9巷/內湖路一段285巷(西南側)","Neihu Dist.","MRT Xihu Sta. (Exit 1)","Ln. 9, Sec. 1, Huanshan Rd./Ln. 285, Sec. 1, Neihu Rd.","16","1"
"","0160","0160","捷運中山站(4號出口)","30","0","大同區","20170103155438","25.053082","121.52029","南京西路/南京西路25巷(東北側)","Datong Dist.","MRT Zhongshan Sta. (Exit 4)","Nanjing W. Rd. / Ln. 25, Nanjing W. Rd.","13","1"
"","0161","0161","大豐公園","56","12","北投區","20170103155431","25.131143","121.503768","磺港路/大興街(東北側)","Beitou Dist.","Dafong Park","Huanggang Rd. / Daxing St.","43","1"
"","0162","0162","捷運中山國小站(4號出口)","70","3","中山區","20170103155416","25.062924","121.52772","民權東路一段/新生北路三段(北側)(新生高架橋下)","Zhongshan Dist.","MRT Zhongshan Elementary School sta.(Exit 4)","Sec. 1, Minquan E. Rd./Sec. 3, Xinsheng N. Rd","67","1"
"","0163","0163","捷運麟光站2號出口","72","33","大安區","20170103155417","25.018097","121.559279","和平東路三段/和平東路三段416巷(捷運高架橋下)","Daan Dist.","MRT Linguang Sta. (Exit 2)","Sec. 3, Heping E. Rd./Ln. 416,Sec. 3, Heping E. Rd.","39","1"
"","0164","0164","捷運奇岩站","56","25","北投區","20170103155431","25.126286","121.500801","北投路一段/三合街二段(東北側)","Beitou Dist.","MRT Qiyan Sta.","Sec. 1, Beitou Rd./Sec. 2, Sanhe St.","31","1"
"","0165","0165","捷運唭哩岸站(2號出口)","62","46","北投區","20170103155424","25.120788","121.505693","西安街二段/立農街一段257巷","Beitou Dist.","MRT Qilian Sta. (Exit 2)","Sec. 2, Xi'an St./Ln. 257,Sec. 2, Linong St.","16","1"
"","0166","0166","臺北市立景美女中","34","20","文山區","20170103155419","24.980602","121.556177","木新路三段/一壽街(西北側)","Wenshan Dist.","Taipei JingMei Girls High School","Sec. 3, Muxin Rd./Yishou St.","13","1"
"","0167","0167","臺北市立天文館","50","23","士林區","20170103155440","25.095714","121.518046","基河路363號前","Shilin Dist.","Taipei Astronomical Museum","No.363, Jihe Rd.","26","1"
"","0168","0168","河堤國小","44","11","中正區","20170103155418","25.02288","121.522855","金門街12巷23弄1號旁","Zhongzheng Dist.","Heti Elementary School","No.1, Aly. 23, Lane 12, Jinmen St.","33","1"
"","0169","0169","植物園","44","14","中正區","20170103155325","25.030015","121.509813","和平西路二段100號前","Zhongzheng Dist.","Taipei Botanical Garden","No.100, Sec. 2, Heping W. Rd.","30","1"
"","0170","0170","新東公園","50","31","松山區","20170103155432","25.059245","121.568883","民生東路五段/塔悠路(西南側)","Songshan Dist.","XinDong Park","Sec. 5, Minsheng E. Rd./Tayou Rd.","17","1"
"","0171","0171","文山運動中心","38","14","文山區","20170103155434","24.996842","121.559651","興隆路三段/興隆路三段192巷8弄","Wenshan Dist.","Taipei Wen Shan Sports Center","Sec. 3, Xinglong Rd./Aly. 8, Ln. 192, Sec. 3, Xinglong Rd.","24","1"
"","0172","0172","捷運南京三民站(1號出口)","24","8","松山區","20170103155423","25.051518","121.563785","南京東路五段/三民路(西北側)","Songshan Dist.","MRT Nanjing Sanmin Sta. (Exit 1)","Sec. 5, Nanjing E. Rd./Sanmin Rd.","16","1"
"","0173","0173","捷運松江南京站(7號出口)","56","24","中山區","20170103155317","25.052181","121.533211","松江路/南京東路二段(東北側)","Zhongshan Dist.","MRT Songjiang Nanjing Sta. (Exit 7)","Sec. 2, Nanjing E. Rd./Sec. 2, Nanjing E. Rd.","31","1"
"","0174","0174","捷運小巨蛋站(5號出口)","52","36","松山區","20170103155431","25.051702","121.553057","南京東路四段/健康路(東北側)","Songshan Dist.","MRT Taipei Arena Sta. (Exit 5)","Sec. 4, Nanjing E. Rd./Jiankang Rd.","10","1"
"","0175","0175","捷運南京復興站(5號出口)","52","24","松山區","20170103155432","25.051618","121.544847","南京東路三段/南京東路三段256巷(東南側)","Songshan Dist.","MRT Nanjing Fuxing Sta. (Exit 5)","Sec. 3, Nanjing E. Rd./Ln. 256, Sec. 3, Nanjing E. Rd.","27","1"
"","0176","0176","興安華城","98","22","中山區","20170103155318","25.055997","121.542318","興安街/遼寧街","Zhongshan Dist.","Xingan Huacheng Community","Xing’an St./Liaoning St.","74","1"
"","0177","0177","葫蘆國小","40","18","士林區","20170103155319","25.082538","121.507495","環河北路三段/葫蘆街(東北側)","Shilin Dist.","Hulu Elementary School","Sec. 3, Huanhe N. Rd./Hulu St.","22","1"
"","0178","0178","延平國宅","32","8","士林區","20170103155440","25.078908","121.510306","延平北路五段一巷40號前","Shilin Dist.","Yanping Public Housing","No.40, Ln. 1, Sec. 5, Yanping N. Rd.","23","1"
"","0179","0179","南港公園","52","17","南港區","20170103155425","25.041278","121.590885","福德街383號對面(南港公園出口前)","Nangang Dist.","Nangang Park","No.383, Fude St.","35","1"
"","0180","0180","福華商場","40","27","內湖區","20170103155437","25.068770","121.592654","民權東路六段/民權東路六段180巷(石潭平面停車場內)","Neihu Dist.","Fuhua Market","Sec. 6, Minquan E. Rd./Ln. 180, Sec. 6, Minquan E. Rd.","13","1"
"","0181","0181","建國和平路口","52","37","大安區","20170103155427","25.025850","121.537383","建國南路二段/和平東路二段(西北側)","Daan Dist.","JianGuo & Heping Intersection","Sec. 2, Jianguo S. Rd./Sec. 2, Heping E. Rd.","14","1"
"","0182","0182","捷運古亭站(2號出口)","50","26","中正區","20170103155434","25.025300","121.523537","羅斯福路二段/羅斯福路二段174巷(捷運古亭站2號出口前)","Zhongzheng Dist.","MRT Guting Sta. (Exit 2)","Sec. 2, Roosevelt Rd./Ln. 174, Sec. 2, Roosevelt Rd.","23","1"
"","0183","0183","圓環站","38","0","大同區","20161121104014","25.053884","121.514549","南京西路/重慶北路一段(東南側)","Datong Dist.","Yuanhuan","Nanjing W. Rd./Sec. 1, Chongqing N. Rd.","0","0"
"","0184","0184","劍潭社區","42","7","中山區","20170103155431","25.084759","121.537892","通北街143號前","Zhongshan Dist.","Jiantan Community","No.143, Tongbei St.","34","1"
"","0185","0185","瑠公公園","30","15","大安區","20170103155433","25.042342","121.546050","大安路一段/大安路一段75巷(西側)","Daan Dist.","LiuGong Park","Ln. 75, Sec. 1/Ln. 75, Sec. 1, Da’an Rd.","15","1"
"","0186","0186","臺北市立大學","82","36","中正區","20170103155416","25.035414","121.514218","愛國西路/公園路(西北側)","Zhongzheng Dist.","University of Taipei","Aiguo W. Rd./Gongyuan Rd.","45","1"
"","0187","0187","仁愛延吉街口","34","10","大安區","20170103155424","25.037465","121.555769","仁愛路四段/延吉街(東南側)","Daan Dist.","Renai & Yanji Intersection","Sec. 4, Ren’ai Rd./Yanji St.","23","1"
"","0188","0188","社子國小","60","37","士林區","20170103155432","25.090293","121.501890","延平北路六段/社中街(社子國小對面跨提便道橋下)","Shilin Dist.","Taipei Municipal Shezi Elementary School","Sec. 6, Yanping N. Rd./Shezhong St.","22","1"
"","0189","0189","金瑞公園(金龍路)","38","12","內湖區","20170103155428","25.087848","121.587821","金龍路213巷1弄7號前","Neihu Dist.","JinRui Park","No.7, Aly. 1, Ln. 213, Jinlong Rd.","25","1"
"","0190","0190","捷運大直站(3號出口)","40","24","中山區","20170103155436","25.079278","121.546683","北安路458巷41弄/北安路536巷(捷運大直站3號出口前人行道)","Zhongshan Dist.","MRT Dazhi Sta. (Exit 3)","Aly. 41, Ln. 458, Bei’an Rd./Ln. 536, Bei’an Rd.","16","1"
"","0191","0191","捷運大湖公園站(2號出口)","58","15","內湖區","20170103155441","25.083945","121.601854","成功路五段/大湖山莊街(大湖公園地下停車場旁)","Neihu Dist.","MRT Dahu Park Sta. (Exit 2)","Sec. 5, Chenggong Rd./Dahu Shanzhuang St.","41","1"
"","0192","0192","捷運葫洲站(1號出口)","44","20","內湖區","20170103155433","25.072485","121.607955","康寧路三段/成功路五段450巷21弄(西北側)(捷運葫洲站1號出口前自行車停放區)","Neihu Dist.","MRT Huzhou Sta. (Exit 1)","Sec. 3, Kangning Rd./Aly. 21, Ln. 450, Sec. 5, Chenggong Rd.","24","1"
"","0193","0193","舊莊區民活動中心","36","13","南港區","20170103155439","25.041277","121.619350","舊莊街一段91巷/舊莊街一段91巷12弄(舊莊區民活動中心前)","Nangang Dist.","Jiuzhuang Recreation Center","Ln. 91, Sec. 1, Jiuzhuang St./Aly. 12, Ln. 91, Sec. 1, Jiuzhuang St.","23","1"
"","0194","0194","市民林森路口","50","30","中山區","20170103155434","25.047958","121.524388","市民大道二段/林森北路(東北側)","Zhongshan Dist.","Civic Blvd Linsen Intersection","Sec. 2, Civic Blvd./Linsen N. Rd.","20","1"
"","0195","0195","信義杭州路口(中華電信總公司)","50","34","中正區","20170103155433","25.035851","121.523987","信義路一段/杭州南路一段(西北側)","Zhongzheng Dist.","Xinyi Hangzhou Intersection(Chunghwa Telecom)","Sec. 1, Xinyi Rd./Sec. 1, Hangzhou S. Rd.","16","1"
"","0196","0196","新湖國小","24","12","內湖區","20170103155420","25.068744","121.589233","民權東路六段/成功路二段320巷31弄(東南側)","Neihu Dist.","Xinhu Elementary School","Sec. 6, Minquan E. Rd./Aly. 31, Ln. 320, Sec. 2, Chenggong Rd.","12","1"
"","0201","0201","東陽公園","44","11","南港區","20170103155437","25.057164","121.597924","重陽路125巷26號至36-2號對面人行道","Nangang Dist.","Dongyang Park","No.26 to No. 36-2, Ln. 125, Chongyang Rd. (opposite)","33","1"
"","0202","0202","捷運關渡站","60","25","北投區","20170103155420","25.124646","121.467336","大度路三段270巷/立功街55巷(西南側人行道)","Beitou Dist.","MRT Guandu Sta.","Ln. 270, Sec. 3, Dadu Rd./Ln. 55, Ligong St.","35","1"
"","0203","0203","古亭國中","40","27","萬華區","20170103155416","25.024487","121.510570","中華路二段465號對面人行道(古亭國中)","Wanhua Dist.","Guting Junior High School","No.465, Sec. 2, Zhonghua Rd. (opposite)","13","1"
"","0204","0204","臺北市立大學(天母校區)","42","17","士林區","20170103155424","25.113625","121.537420","士東路276號至280號對面人行道","Shilin Dist.","University of Taipei Tianmu Campus","No.276 to No. 280, Shidong Rd., (opposite)","25","1"
"","0205","0205","木柵光輝路口","28","16","文山區","20170103155428","24.988241","121.555610","木柵路一段290號西側人行道(木柵光輝路口)","Wenshan Dist.","Mucha Guanghui Intersection","No.290, Sec. 1, Muzha Rd.","12","1"
"","0206","0206","捷運辛亥站","32","23","文山區","20170103155430","25.005386","121.55716","辛亥路四段114號旁人行道(捷運辛亥站)","Wenshan Dist.","MRT Xinhai Sta.","No.114, Sec. 4, Xinhai Rd.","9","1"
"","0207","0207","福安國中","30","10","士林區","20170103155441","25.103242","121.487477","延平北路七段250號前人行道(福安國中)","Shilin Dist.","Fu-an Junior Hight School","No.250, Sec. 7, Yanping N. Rd.","20","1"
"","0208","0208","龍山國小","46","3","萬華區","20170103155435","25.035555","121.495342","和平西路三段280號對面人行道(龍山國小)","Wanhua Dist.","Longshan Elementary School","No.280, Sec. 3, Heping W. Rd. (opposite)","43","1"
"","0209","0209","捷運復興崗站","42","19","北投區","20170103155424","25.137837","121.486071","中央北路三段17-1號對面人行道 (中央北路三段53巷側)","Beitou Dist.","MRT Fuxinggang Sta.","No.17-1, Sec. 3, Zhongyang N. Rd. (opposite)","23","1"
"","0210","0210","樂群二敬業四路口","60","32","中山區","20170103155416","25.079766","121.558135","樂群二路180號前廣場","Zhongshan Dist.","Lequn 2nd & Jingye 4th Intersection","No.180, Lequn 2nd Rd.","28","1"
"","0211","0211","星雲金湖街口","40","11","內湖區","20170103155416","25.080915","121.597339","星雲街210巷11號旁平面停車場","Neihu Dist.","Xingyun & Jinhu Intersection","No.11, Ln. 210, Xingyun St.","28","1"
"","0212","0212","北安大直街口","50","27","中山區","20170103155431","25.084223","121.549452","北安路676號前人行道","Zhongshan Dist.","Bei'an & Dazhi Intersection","No.676, Bei’an Rd.","23","1"
"","0213","0213","蘭雅國小","30","3","士林區","20170103155426","25.107782","121.523107","磺溪街80號~82號對面人行道(蘭雅國小東側)","Shilin Dist.","Lanya Elementary School","No.80 to No.82, Huangxi St. (opposite)","25","1"
"","0214","0214","基河一期國宅","54","30","內湖區","20170103155415","25.055935","121.578645","南京東路六段131號至137號對面綠地","Neihu Dist.","Jihe First Phase Republic Housing","No.131 to No.137, Sec. 6, Nanjing E. Rd. (opposite)","24","1"
"","0215","0215","捷運北門站(3號出口)","62","34","大同區","20170103155440","25.049930","121.510367","鄭州路/塔城街(西南側)(捷運北門站3號出口)","Datong Dist.","MRT Beimen Sta. (Exit.3)","Zhengzhou Rd./Tacheng St.(southwest)","27","1"
"","0216","0216","培英公園","50","31","中山區","20170103155421","25.082553","121.544601","崇實路/大直街62巷(東南側)","Zhongshan Dist.","Peiying Park","Chongshi Rd./Dazhi St. (southeast)","19","1"
"","0217","0217","臺北花市","40","20","內湖區","20170103155415","25.062645","121.574267","新湖三路28號前人行道","Neihu Dist.","Taipei Flowers Auction","No.28, Xinhu 3rd Rd.","19","1"
"","0218","0218","松山高中","42","19","信義區","20170103155215","25.043299","121.564108","基隆路一段172巷15號對面人行道(松山高中)","Xinyi Dist.","SONG-SHAN Senior High School","No.15, Ln. 172, Sec. 1, Keelung Rd. (opposite)","23","1"
"","0219","0219","大理高中","38","25","萬華區","20170103155432","25.031147","121.490740","環河南路二段300號對面人行道(大理高中)","Wanhua Dist.","Dali High School","No.300, Sec. 2, Huanhe S. Rd. (opposite)","12","1"
"","0220","0220","大稻埕公園","38","2","大同區","20170103155429","25.059162","121.510512","安西街1巷15號對面人行道(大稻埕公園)","Datong Dist.","Dadaocheng Park","No.15, Ln. 1, Anxi St. (opposite)","35","1"
"","0221","0221","泰和公園","40","9","信義區","20170103155432","25.019296","121.571050","吳興街600巷67弄5號對面公園(泰和公園)","Xinyi Dist.","Taihe Park","No.5, Aly. 67, Ln. 600, Wuxing St. (opposite)","28","1"
"","0222","0222","撫順公園","30","14","中山區","20170103155428","25.064108","121.522065","中山北路2段180號對面","Zhongshan Dist.","Fushun Park","No.180, Sec. 2, Zhongshan N. Rd. (opposite)","16","1"
"","0223","0223","清江國小","40","18","北投區","20170103155427","25.127400","121.507267","三合街一段/公館路西南側人行道(清江國小)","Beitou Dist.","Qingjiang Elementary School","Sec. 1, Sanhe St./Gongguan Rd.","22","1"
"","0224","0224","社正公園","40","9","士林區","20170103155423","25.088243","121.510535","社中街43號對面停車場(社正公園)","Shilin Dist.","Shezheng Park","No.43, Shezhong St. (opposite)","30","1"
"","0225","0225","臥龍樂業街口","40","15","大安區","20170103155458","25.018600","121.554839","臥龍街267號對面人行道(臥龍樂業街口)","Daan Dist.","Wolong & Leye Intersection","No.267, Wolong St. (opposite)","24","1"
"","0226","0226","向陽南港路口","32","24","南港區","20170103155420","25.054365","121.594228","向陽路49號旁人行道(向陽南港路口)","Nangang Dist.","Xiangyang & Nangang Intersection","No.49, Xiangyang Rd.","8","1"
"","0227","0227","麗山高中","40","25","內湖區","20170103155433","25.084244","121.576680","環山路二段131號對面人行道(麗山高中)","Neihu Dist.","LiShan High School","No.131, Sec. 2, Huanshan Rd. (opposite)","14","1"
"","0228","0228","捷運萬芳社區站","32","16","文山區","20170103155423","24.998956","121.567474","萬芳路60號西側廣場","Wenshan Dist.","MRT Wanfang Community Sta.","No.60, Wanfang Rd. (west side)","16","1"
"","0229","0229","市民太原路口","34","10","大同區","20170103155436","25.049394","121.514611","鄭州路23號東側人行道(市民太原路口)","Datong Dist.","Civic & Taiyuan Intersection","No.23, Zhengzhou Rd. (east side)","24","1"
"","0230","0230","湖光國宅","36","7","內湖區","20170103155433","25.075366","121.580811","文德路22巷67號對面綠地","Neihu Dist.","Huguang Republic Housing","No.67, Ln. 22, Wende Rd. (opposite)","28","1"
"","0231","0231","內政部營建署","40","9","松山區","20170103155425","25.047805","121.545022","八德路二段342號東側人行道","Songshan Dist.","Construction & Planning Agency","No.342, Sec. 2, Bade Rd. (east side)","31","1"
"","0232","0232","中山天母路口","44","26","士林區","20170103155422","25.118843","121.529738","天母西路3-55號前人行道","Shilin Dist.","Zhongshan & Tianmu Intersection","No.3-55, Tianmu W. Rd.","18","1"
"","0233","0233","捷運忠義站","50","25","北投區","20170103155431","25.131411","121.474155","中央北路四段262號對面人行道","Beitou Dist.","MRT Zhongyi Sta.","No.262, Sec. 4, Zhongyang N. Rd. (opposite)","23","1"
"","0234","0234","永欣綠地","38","22","北投區","20170103155421","25.124162","121.526071","行義路1號對面停車場","Beitou Dist.","Yongxin Green Area","No.1, Xingyi Rd. (opposite)","16","1"
"","0235","0235","市民東興路口","30","15","松山區","20170103155452","25.048460","121.565928","市民大道五段193號前方人行道","Songshan Dist.","Civic Blvd & Dongxing Intersection","No.193, Sec. 5, Civic Blvd.","15","1"
"","0236","0236","關渡自然公園","36","18","北投區","20170103155436","25.119292","121.469138","關渡路68號對面人行道","Beitou Dist.","Guandu Nature Park","No.68, Guandu Rd. (opposite)","17","1"
"","0237","0237","文山第二行政中心","38","20","文山區","20170103155457","25.001149","121.551418","興隆路二段130巷30號對面人行道","Wenshan Dist.","Wenshan 2nd District Office","No.30, Ln. 130, Sec. 2, Xinglong Rd. (opposite)","18","1"
"","0238","0238","瑞湖陽光街口","32","19","內湖區","20170103155417","25.073119","121.575965","瑞湖街101號對面人行道","Neihu Dist.","Ruihu & Yangguang Intersection","No.101, Ruihu St. (opposite)","13","1"
"","0239","0239","新明路321巷口","48","13","內湖區","20170103155427","25.056687","121.584098","新明路323號前人行道","Neihu Dist.","Ln. 321, Xinming Rd.","No.323, Xinming Rd.","35","1"
"","0240","0240","南京建國路口","58","53","中山區","20170103155429","25.052141","121.536802","南京東路二段/建國北路二段(北側)","Zhongshan Dist.","Nanjing Jianguo Intersection","Sec. 2, Nanjing E. Rd./Sec. 2, Jianguo N. Rd.","5","1"
"","0241","0241","林口公園","38","19","信義區","20170103155426","25.038943","121.579146","林口街72號對面公園(林口公園)","Xinyi Dist.","Linkou Park","No.72, Linkou St. (opposite)","19","1"
"","0242","0242","關渡宮","40","10","北投區","20170103155440","25.117472","121.463161","大度路三段301巷223-5號西北側停車場","Beitou Dist.","Kuantu Temple","No.223-5, Sec. 3, Dadu Rd.","29","1"
"","0243","0243","社子公園","30","1","士林區","20170103155417","25.090202","121.506219","永平街20巷37弄/永平街20巷11弄(社子公園南側)","Shilin Dist.","Shezi Park","Aly. 37, Ln. 20, Yongping St./Aly. 11, Ln. 20, Yongping St.","29","1"
"","0244","0244","復興市民路口","46","14","中山區","20170103155427","25.045908","121.543736","復興南路一段36-9號前人行道(復興市民路口)","Zhongshan Dist.","Fuxing & Civic Intersection","No.36-9, Sec. 1, Fuxing S. Rd.","32","1"
"","0245","0245","捷運中山國中站","48","37","中山區","20170103155420","25.060632","121.544028","復興北路370號前方人行道(捷運中山國中站)","Zhongshan Dist.","MRT Zhongshan Junior High School Sta.","No.370, Fuxing N. Rd.","10","1"
"","0246","0246","國立故宮博物院","40","7","士林區","20170103155435","25.098743","121.548086","至善路二段155號對面停車場","Shilin Dist.","National Palace Museum","No.155, Sec. 2, Zhishan Rd.(oppsite)","31","1"
"","0247","0247","木柵公園","34","11","文山區","20170103155415","24.987144","121.560627","興隆路四段50號前人行道(木柵公園)","Wenshan Dist.","Mucha Park","No.50, Sec. 4, Xinglong Rd.","22","1"
"","0248","0248","喬治工商","32","13","大安區","20170103155430","25.027123","121.555566","基隆路二段166號前(喬治工商)","Daan Dist.","George Cocational High School of Taipei","No.166, Sec. 2, Keelung Rd.","19","1"
"","0249","0249","中華桂林路口","32","15","萬華區","20170103155434","25.037706","121.506624","中華路一段206號前方廣場","Wanhua Dist.","Zhonghua & Guilin Intersection","No.206, Sec. 1, Zhonghua Rd.","16","1"
"","0250","0250","忠孝東路三段217巷口","38","22","大安區","20170103155434","25.041840","121.539873","忠孝東路三段221號前方人行道","Daan Dist.","Ln. 217, Sec. 3, Zhongxiao E. Rd","No.221, Sec. 3, Zhongxiao E. Rd.","16","1"
"","0251","0251","華齡公園","36","0","士林區","20170103155427","25.083023","121.520692","劍潭路80對面公園(華齡公園)","Shilin Dist.","Hualing Park","No.80, Jiantan Rd.(oppsite)","36","1"
"","0252","0252","大安運動中心","42","0","大安區","20161110094235","25.020544","121.545608","辛亥路三段55號前方人行道(大安運動中心)","Daan Dist.","Daan Sports Center","No.55, Sec. 3, Xinhai Rd.","0","0"
"","0253","0253","芝山抽水站","34","10","士林區","20170103155441","25.101423","121.527990","至誠路二段80號對面人行道(芝山抽水站)","Shilin Dist.","Zhishan Pumping Sta.","No.80, Sec. 2, Zhicheng Rd.(oppsite)","23","1"
"","0254","0254","立功立德路口","34","13","北投區","20170103155425","25.125377","121.471482","立功街/立德路(西南側人行道)","Beitou Dist.","Ligong Lide Intersection","Ligong St./Lide Rd.","21","1"
"","0255","0255","光復南路22巷口","30","13","松山區","20170103155442","25.046914","121.557674","光復南路23號對面人行道","Songshan Dist.","Ln. 22, Guangfu S. Rd.","No.23, Guangfu S. Rd.(oppsite)","16","1"
"","0256","0256","中山中正路口","40","6","士林區","20170103155421","25.096507","121.527526","中山北路五段609-625號前人行道(中山中正路口)","Shilin Dist.","Zhongshan & Zhongzheng  Intersection","No.609 to No.625, Sec. 5, Zhongshan N. Rd.","32","1"
"","0257","0257","錦德公園","34","8","萬華區","20170103155422","25.023316","121.492637","德昌街243號對面公園(錦德公園)","Wanhua Dist.","Jinde Park","No.243, Dechang St.(oppsite)","25","1"
"","0258","0258","聯合醫院中興院區","40","31","大同區","20170103155434","25.052096","121.507979","長安西路299-2號對面人行道","Datong Dist.","Taipei City Hospital (Zhongxing Branch)","No.299-2, Chang’an W. Rd.(oppsite)","9","1"
"","0259","0259","南京遼寧街口","36","30","中山區","20170103155439","25.051761","121.542168","南京東路三段189號對面(南京遼寧街口東南側)","Zhongshan Dist.","Nanjing & Liaoning Intersection","No.189, Sec. 3, Nanjing E. Rd.(oppsite)","6","1"
"","0260","0260","民權瑞光路口","36","20","內湖區","20170103155421","25.068616","121.583991","民權東路六段50號前人行道","Neihu Dist.","Minquan & Ruiguang Intersection","No.50, Sec. 6, Minquan E. Rd.","16","1"
"","0261","0261","健康新城","44","23","松山區","20170103155438","25.054095","121.560928","健康路177號前人行道(健康新城)","Songshan Dist.","Jiankang New Village","No.177, Jiankang Rd.","21","1"
"","0262","0262","永安藝文館-表演36房","28","13","文山區","20170103155444","24.984144","121.569064","木新路二段156號前人行道(永安市場)","Wenshan Dist.","YONG AN ART CENTER - Performing Arts School 36","No.156, Sec. 2, Muxin Rd.","15","1"
"","0263","0263","至善臨溪路口","38","11","士林區","20170103155427","25.097103","121.542153","至善路一段/臨溪路(東南側)","Shilin Dist.","Zhishan Linxi Intersection","Sec. 1, Zhishan Rd./ Linxi Rd. intersection","27","1"
"","0264","0264","秀山區民活動中心","28","14","北投區","20170103155431","25.145936","121.493009","秀山路50號北側道路路側","Beitou Dist.","Xiushan Community Center","No.50, Xiushan Rd.","13","1"
"","0266","0266","洲子一號公園","34","15","內湖區","20170103155431","25.080258","121.564806","基湖路32號南側公園","Neihu Dist.","Zhouzhi Park No.1","No.32, Jihu Rd.","19","1"
"","0267","0267","八德中坡路口","38","14","南港區","20170103155424","25.050620","121.580194","八德路四段869號前方人行道","Nangang Dist.","Bade & Zhongpo Intersection","No.869, Sec. 4, Bade Rd.","24","1"
"","0268","0268","南港高工","30","15","南港區","20170103155321","25.056655","121.607055","興中路29號前方人行道","Nangang Dist.","Nangang Vocational High School","No.29, Xingzhong Rd.","14","1"
"","0269","0269","三軍總醫院","30","13","內湖區","20170103155331","25.070723","121.590304","成功路二段/成功路二段323巷東北角人行道","Neihu Dist.","Tri-Service General Hospital","Sec. 2, Chenggong Rd./Ln. 323, Sec. 2, Chenggong Rd.(Intersection)","16","1"
"","0270","0270","雨農國小","34","1","士林區","20170103155429","25.105429","121.529217","忠義街6號對面人行道(雨農國小)","Shilin Dist.","Yu Nong Elementary School","No.6, Zhongyi St.(oppsite)","31","1"
"","0272","0272","忠順區民活動中心","32","15","文山區","20170103155438","24.984707","121.563125","忠順街二段22號前方人行道(忠順區民活動中心)","Wenshan Dist.","Zhongshun Public Places","No.22, Sec. 2, Zhongshun St.","17","1"
"","0273","0273","芝山國小","38","7","士林區","20170103155424","25.110437","121.535954","德行東路/德行東路283巷東北角人行道(芝山國小)","Shilin Dist.","Zhishan Elementary School","Dexing E. Rd./Ln. 283, Dexing E. Rd.Intersection(northeast)","31","1"
"","0275","0275","西本願寺廣場","58","24","萬華區","20170103155430","25.040988","121.507688","中華路一段/長沙街二段路口西南側人行道(西本願寺)","Wanhua Dist.","Nishi Honganji Square","Sec. 1, Zhonghua Rd./Sec. 2, Changsha St. intersection(Southwest)","34","1"
"","0276","0276","三興公園","38","16","信義區","20170103155416","25.028679","121.559320","吳興街118巷35弄28號前方(三興公園)","Xinyi Dist.","Sanxing Park","No.28, Aly. 35, Ln. 118, Wuxing St.","22","1"
"","0277","0277","中山堂","32","12","中正區","20170103155439","25.044091","121.510250","延平南路/武昌街一段東南角人行道(延平武昌街口)","Zhongzheng Dist.","Zhongshan Hall","Yanping S. Rd./Sec. 1, Wuchang St. intersection(southeast)","20","1"
"","0278","0278","明美公園","32","13","內湖區","20170103155429","25.062557","121.586065","石潭路/南京東路六段451巷口西南人行道綠帶(明美公園)","Neihu Dist.","MingMei Park","Shitan Rd./Ln. 451, Sec. 6, Nanjing E. Rd. intersection(southwest)","17","1"
"","0279","0279","南港車站(興華路)","48","25","南港區","20170103155441","25.053432","121.606331","市民大道八段/興華路口西北側人行道","Nangang Dist.","Nangang Rail Sta.(Xinhua Rd.)","Sec. 8, Civic Blvd./Xinghua Rd. intersection","22","1"
"","0280","0280","士林新天地","28","15","士林區","20170103155429","25.089034","121.517320","大南路325號前方人行道","Shilin Dist.","Shilin New Village","No.325, Danan Rd.","12","1"
"","0281","0281","松江公園","32","8","中山區","20170103155440","25.050245","121.532725","松江路/松江路84巷(西北側路側)","Zhongshan Dist.","Songjiang Park","Songjiang Rd./Ln. 84, Songjiang Rd. intersecton","24","1"
"","0282","0282","富台公園","30","12","信義區","20170103155435","25.041935","121.571999","松信路209號前人行道","Xinyi Dist.","Futai Park","No.209, Songxin Rd.","18","1"
"","0283","0283","中央北路四段540巷口","32","14","北投區","20170103155434","25.127959","121.467700","中央北路四段529號對面","Beitou Dist.","Ln. 540, Sec. 4, Zhongyang N. Rd.","No.529, Sec. 4, Zhongyang N. Rd.","17","1"
"","0284","0284","華聲公園","44","16","士林區","20170103155426","25.096166","121.522096","華聲街17號南側路側(全聯)","Shilin Dist.","Huasheng Park","No.17, Huasheng St.","27","1"
"","0285","0285","螢橋國小","40","28","中正區","20170103155427","25.025966","121.513770","泉州街32號對面人行道(螢橋國小)","Zhongzheng Dist.","Ying-Qiao Elementary school","No.32, Quanzhou St.(oppsite)","12","1"
"","0289","0289","牯嶺公園","38","12","中正區","20170103155438","25.023377","121.518835","廈門街113巷/牯嶺街口西側","Zhongzheng Dist.","Guling Park","Xiamen St. / Guling St. ( East )","26","1"
"","0291","0291","捷運松山站(3號出口)","50","8","松山區","20170103155417","25.049616","121.577459","松山路/市民大道六段(西北側捷運3號出口)","Songshan Dist.","MRT Songshan Sta.(Exit.3)","Songshan Rd. / Sec. 6, Civic Blvd. ( Northwest ) MRT Ex.3","42","1"
"","0293","0293","自來水園區","40","8","中正區","20170103155419","25.013284","121.530037","中正區思源街16號對面人行道","Zhongzheng Dist.","Taipei Water Park","No.16, Siyuan St.(oppsite)","31","1"
"","0295","0295","敦親公園","26","1","大安區","20170103155434","25.023473","121.541083","和平東路二段96巷8之1號(前方)","Daan Dist.","Dunqing Park","No.8-1, Ln. 96, Sec. 2, Heping E. Rd.","25","1"
"","0296","0296","萬和二號公園","32","11","文山區","20170103155431","25.001545","121.536446","萬隆街255號(對面)","Wenshan Dist.","Wanhe Park No. 2","No.255, Wanlong St.(oppsite)","20","1"
"","0297","0297","長沙公園","26","13","萬華區","20170103155441","25.041702","121.499922","環河南路一段280號之1(東側)","Wanhua Dist.","Changsha Park","No.280-1, Sec. 1, Huanhe S. Rd.","12","1"
"","0298","0298","太原五原路口","32","14","大同區","20170103155427","25.056458","121.516976","太原路 / 五原路口(東南側)","Datong Dist.","Taiyuan & Wuyuan Intersection","Taiyuan Rd. / Wuyuan Rd. Intersection","17","1"
"","0299","0299","萬華國中","32","13","萬華區","20170103155421","25.029264","121.499358","西藏路 / 莒光路299巷口(東南側)","Wanhua Dist.","Wanhua Junior High School","Xizang Rd. / Ln. 299, Juguang Rd. Intersection","17","1"
"","0300","0300","信義基隆路口","28","10","信義區","20170103155443","25.033209","121.558731","信義路四段401號(前方)","Xinyi Dist.","Xinyi & Keelung Intersection","No.401, Sec. 4, Xinyi Rd.","18","1"
"","0301","0301","林森長春路口","28","6","中山區","20170103155435","25.055062","121.525383","林森北路/長春路口西北角人行道(林森長春路口)","Zhongshan Dist.","Linsen & Changchun Intersection","Linsen N. Rd. / Changchun Rd. Intersetion","21","1"
